{
    "timestamp" : 1588025267710,
    "revision" : {
        "HEAD" : "dcf960fa537c420bb65b00c3b87c9962b698519c",
        "currentBranch" : "refs/heads/eposse-guava-versions",
        "knownReferences" : null
    },
    "properties" : {
        "TARGET_PLATFORM_VERSION_MAXIMUM" : "null",
        "java.version" : "1.8.0_181",
        "user.dir" : "/Users/eposse/Development/git/org.eclipse.papyrus-collaborativemodeling/compare",
        "os.arch" : "x86_64",
        "RELEASE" : "null",
        "BUILD_ALIAS" : "null",
        "JOB_NAME" : "null",
        "os.version" : "10.15.4",
        "BUILD_NUMBER" : "null",
        "TARGET_PLATFORM_VERSION" : "null",
        "NODE_NAME" : "null",
        "HOSTNAME" : "davinci.local",
        "java.vendor" : "Oracle Corporation",
        "os.name" : "Mac OS X",
        "ZIPSUFFIX" : "null",
        "WORKSPACE" : "/Users/eposse/Development/git/org.eclipse.papyrus-collaborativemodeling/compare"
    },
    "upstream" : null
}