<?xml version="1.0" encoding="UTF-8"?>
<site>
   <feature url="features/org.eclipse.papyrus.compare.feature_0.7.0.202004272203.jar" id="org.eclipse.papyrus.compare.feature" version="0.7.0.202004272203">
      <category name="org.eclipse.papyrus.compare.category"/>
   </feature>
   <feature url="features/org.eclipse.papyrus.compare.feature.source_0.7.0.202004272203.jar" id="org.eclipse.papyrus.compare.feature.source" version="0.7.0.202004272203">
      <category name="org.eclipse.papyrus.compare.category"/>
   </feature>
   <category-def name="org.eclipse.papyrus.compare.category" label="Papyrus Compare">
      <description>
         Papyrus Compare Category
      </description>
   </category-def>
</site>
